objective,world,ablation,seed,abstraction_count,alive_count,graph_depth,dag_width,mean_lifetime,mean_exposure_lifetime,mean_reuse,valid_reuse,raw_transfer_reuse,valid_transfer_reuse,transfer_correctness,graph_compression_ratio,semantic_subsumption_ratio,branching_factor,hierarchy_emergence_time,births,deaths,regime,implementation
accuracy,random,standard,0,15,0,1,0,7.2,0.2,1.2,3,0,0,0.0,50.0,0.0,0.0,0,15,15,collapse,dag
accuracy,random,equal_abstraction_budget,0,15,0,1,0,7.2,0.2,1.2,3,0,0,0.0,50.0,0.0,0.0,0,15,15,collapse,dag
accuracy,random,remove_composition,0,2,0,1,0,1.5,0.0,1.0,0,0,0,0.0,50.0,0.0,0.0,0,2,2,collapse,dag
accuracy,random,remove_hierarchy,0,15,0,1,0,7.2,0.2,1.2,3,0,0,0.0,50.0,0.0,0.0,0,15,15,collapse,dag
accuracy,no_regularities,standard,0,0,0,0,0,0.0,0.0,0.0,0,0,0,0.0,50.0,0.0,0.0,0,0,0,collapse,dag
accuracy,no_regularities,equal_abstraction_budget,0,0,0,0,0,0.0,0.0,0.0,0,0,0,0.0,50.0,0.0,0.0,0,0,0,collapse,dag
accuracy,no_regularities,remove_composition,0,0,0,0,0,0.0,0.0,0.0,0,0,0,0.0,50.0,0.0,0.0,0,0,0,collapse,dag
accuracy,no_regularities,remove_hierarchy,0,0,0,0,0,0.0,0.0,0.0,0,0,0,0.0,50.0,0.0,0.0,0,0,0,collapse,dag
accuracy,hierarchical,standard,0,48,42,2,38,4.604166666666667,3.625,3.75,174,160,156,0.975,1.1904761904761905,1.0,0.16666666666666666,39,48,6,mixed,dag
accuracy,hierarchical,equal_abstraction_budget,0,49,35,2,34,5.122448979591836,3.4693877551020407,3.5918367346938775,170,146,145,0.9931506849315068,1.4285714285714286,1.0,0.20408163265306123,39,49,14,mixed,dag
accuracy,hierarchical,remove_composition,0,9,5,1,5,10.777777777777779,9.444444444444445,9.88888888888889,85,38,38,1.0,10.0,0.0,0.0,0,9,4,flat_reusable_features,dag
accuracy,hierarchical,remove_hierarchy,0,44,38,1,38,4.9772727272727275,3.909090909090909,4.045454545454546,172,151,149,0.9867549668874173,1.3157894736842106,0.0,0.0,0,44,6,flat_reusable_features,dag
accuracy,compositional,standard,0,48,42,2,38,4.604166666666667,3.625,3.75,174,193,188,0.9740932642487047,1.1904761904761905,1.0,0.16666666666666666,39,48,6,mixed,dag
accuracy,compositional,equal_abstraction_budget,0,49,35,2,34,5.122448979591836,3.4693877551020407,3.5918367346938775,170,162,161,0.9938271604938271,1.4285714285714286,1.0,0.20408163265306123,39,49,14,mixed,dag
accuracy,compositional,remove_composition,0,9,5,1,5,10.777777777777779,9.444444444444445,9.88888888888889,85,53,53,1.0,10.0,0.0,0.0,0,9,4,flat_reusable_features,dag
accuracy,compositional,remove_hierarchy,0,44,38,1,38,4.9772727272727275,3.909090909090909,4.045454545454546,172,158,157,0.9936708860759493,1.3157894736842106,0.0,0.0,0,44,6,flat_reusable_features,dag
accuracy,partial,standard,0,49,33,2,33,4.510204081632653,1.183673469387755,1.510204081632653,58,37,29,0.7837837837837838,1.5151515151515151,1.0,0.04081632653061224,7,49,16,mixed,dag
accuracy,partial,equal_abstraction_budget,0,49,33,2,33,4.510204081632653,1.183673469387755,1.510204081632653,58,37,29,0.7837837837837838,1.5151515151515151,1.0,0.04081632653061224,7,49,16,mixed,dag
accuracy,partial,remove_composition,0,14,5,1,5,7.428571428571429,3.857142857142857,4.5,54,23,19,0.8260869565217391,10.0,0.0,0.0,0,14,9,flat_reusable_features,dag
accuracy,partial,remove_hierarchy,0,49,33,1,33,4.551020408163265,1.183673469387755,1.510204081632653,58,37,29,0.7837837837837838,1.5151515151515151,0.0,0.0,0,49,16,flat_memory,dag
accuracy,anti_compositional,standard,0,41,35,2,33,5.365853658536586,4.2926829268292686,4.439024390243903,176,145,145,1.0,1.4285714285714286,1.0,0.0975609756097561,31,41,6,reusable_feature_graph,dag
accuracy,anti_compositional,equal_abstraction_budget,0,41,35,2,33,5.365853658536586,4.2926829268292686,4.439024390243903,176,145,145,1.0,1.4285714285714286,1.0,0.0975609756097561,31,41,6,reusable_feature_graph,dag
accuracy,anti_compositional,remove_composition,0,5,4,1,4,15.2,13.6,13.8,68,34,34,1.0,12.5,0.0,0.0,0,5,1,flat_reusable_features,dag
accuracy,anti_compositional,remove_hierarchy,0,34,27,1,27,6.117647058823529,4.764705882352941,4.970588235294118,162,105,105,1.0,1.8518518518518519,0.0,0.0,0,34,7,flat_reusable_features,dag
compression,random,standard,0,15,0,1,0,7.2,0.2,1.2,3,0,0,0.0,50.0,0.0,0.0,0,15,15,collapse,dag
compression,random,equal_abstraction_budget,0,15,0,1,0,7.2,0.2,1.2,3,0,0,0.0,50.0,0.0,0.0,0,15,15,collapse,dag
compression,random,remove_composition,0,2,0,1,0,1.5,0.0,1.0,0,0,0,0.0,50.0,0.0,0.0,0,2,2,collapse,dag
compression,random,remove_hierarchy,0,15,0,1,0,7.2,0.2,1.2,3,0,0,0.0,50.0,0.0,0.0,0,15,15,collapse,dag
compression,no_regularities,standard,0,0,0,0,0,0.0,0.0,0.0,0,0,0,0.0,50.0,0.0,0.0,0,0,0,collapse,dag
compression,no_regularities,equal_abstraction_budget,0,0,0,0,0,0.0,0.0,0.0,0,0,0,0.0,50.0,0.0,0.0,0,0,0,collapse,dag
compression,no_regularities,remove_composition,0,0,0,0,0,0.0,0.0,0.0,0,0,0,0.0,50.0,0.0,0.0,0,0,0,collapse,dag
compression,no_regularities,remove_hierarchy,0,0,0,0,0,0.0,0.0,0.0,0,0,0,0.0,50.0,0.0,0.0,0,0,0,collapse,dag
compression,hierarchical,standard,0,46,41,2,32,5.108695652173913,4.739130434782608,4.8478260869565215,218,158,157,0.9936708860759493,1.2195121951219512,1.0,0.43478260869565216,22,46,5,reusable_feature_graph,dag
compression,hierarchical,equal_abstraction_budget,0,47,35,2,28,5.851063829787234,4.553191489361702,4.659574468085107,214,143,143,1.0,1.4285714285714286,1.0,0.46808510638297873,22,47,12,reusable_feature_graph,dag
compression,hierarchical,remove_composition,0,9,5,1,5,10.88888888888889,9.555555555555555,10.0,86,38,38,1.0,10.0,0.0,0.0,0,9,4,flat_reusable_features,dag
compression,hierarchical,remove_hierarchy,0,28,24,1,24,6.785714285714286,6.357142857142857,6.5,178,104,104,1.0,2.0833333333333335,0.0,0.0,0,28,4,flat_reusable_features,dag
compression,compositional,standard,0,46,41,2,32,5.108695652173913,4.739130434782608,4.8478260869565215,218,190,190,1.0,1.2195121951219512,1.0,0.43478260869565216,22,46,5,reusable_feature_graph,dag
compression,compositional,equal_abstraction_budget,0,47,35,2,28,5.851063829787234,4.553191489361702,4.659574468085107,214,165,165,1.0,1.4285714285714286,1.0,0.46808510638297873,22,47,12,reusable_feature_graph,dag
compression,compositional,remove_composition,0,9,5,1,5,10.88888888888889,9.555555555555555,10.0,86,53,53,1.0,10.0,0.0,0.0,0,9,4,flat_reusable_features,dag
compression,compositional,remove_hierarchy,0,28,24,1,24,6.785714285714286,6.357142857142857,6.5,178,108,108,1.0,2.0833333333333335,0.0,0.0,0,28,4,flat_reusable_features,dag
compression,partial,standard,0,49,36,2,29,3.5918367346938775,1.9387755102040816,2.204081632653061,95,50,42,0.84,1.3888888888888888,1.0,0.2857142857142857,18,49,13,mixed,dag
compression,partial,equal_abstraction_budget,0,49,35,2,28,3.857142857142857,1.9387755102040816,2.204081632653061,95,50,42,0.84,1.4285714285714286,1.0,0.2857142857142857,18,49,14,mixed,dag
compression,partial,remove_composition,0,14,5,1,5,7.357142857142857,3.7857142857142856,4.428571428571429,53,23,19,0.8260869565217391,10.0,0.0,0.0,0,14,9,flat_reusable_features,dag
compression,partial,remove_hierarchy,0,25,14,1,14,5.6,2.84,3.28,71,33,29,0.8787878787878788,3.5714285714285716,0.0,0.0,0,25,11,flat_memory,dag
compression,anti_compositional,standard,0,37,34,2,28,6.351351351351352,5.54054054054054,5.621621621621622,205,141,141,1.0,1.4705882352941178,1.0,0.3783783783783784,14,37,3,reusable_feature_graph,dag
compression,anti_compositional,equal_abstraction_budget,0,37,34,2,28,6.351351351351352,5.54054054054054,5.621621621621622,205,141,141,1.0,1.4705882352941178,1.0,0.3783783783783784,14,37,3,reusable_feature_graph,dag
compression,anti_compositional,remove_composition,0,5,4,1,4,15.0,13.6,13.8,68,34,34,1.0,12.5,0.0,0.0,0,5,1,flat_reusable_features,dag
compression,anti_compositional,remove_hierarchy,0,22,19,1,19,8.636363636363637,7.136363636363637,7.2727272727272725,157,89,89,1.0,2.6315789473684212,0.0,0.0,0,22,3,flat_reusable_features,dag
lifetime_reuse,random,standard,0,37,14,1,14,5.5675675675675675,0.16216216216216217,0.7837837837837838,6,34,15,0.4411764705882353,3.5714285714285716,0.0,0.0,0,37,23,flat_memory,dag
lifetime_reuse,random,equal_abstraction_budget,0,37,14,1,14,5.5675675675675675,0.16216216216216217,0.7837837837837838,6,34,15,0.4411764705882353,3.5714285714285716,0.0,0.0,0,37,23,flat_memory,dag
lifetime_reuse,random,remove_composition,0,2,0,1,0,1.5,0.0,1.0,0,0,0,0.0,50.0,0.0,0.0,0,2,2,collapse,dag
lifetime_reuse,random,remove_hierarchy,0,37,14,1,14,5.5675675675675675,0.16216216216216217,0.7837837837837838,6,34,15,0.4411764705882353,3.5714285714285716,0.0,0.0,0,37,23,flat_memory,dag
lifetime_reuse,no_regularities,standard,0,0,0,0,0,0.0,0.0,0.0,0,0,0,0.0,50.0,0.0,0.0,0,0,0,collapse,dag
lifetime_reuse,no_regularities,equal_abstraction_budget,0,0,0,0,0,0.0,0.0,0.0,0,0,0,0.0,50.0,0.0,0.0,0,0,0,collapse,dag
lifetime_reuse,no_regularities,remove_composition,0,0,0,0,0,0.0,0.0,0.0,0,0,0,0.0,50.0,0.0,0.0,0,0,0,collapse,dag
lifetime_reuse,no_regularities,remove_hierarchy,0,0,0,0,0,0.0,0.0,0.0,0,0,0,0.0,50.0,0.0,0.0,0,0,0,collapse,dag
lifetime_reuse,hierarchical,standard,0,49,47,2,29,4.714285714285714,4.326530612244898,4.36734693877551,212,153,153,1.0,1.0638297872340425,1.0,0.7346938775510204,11,49,2,reusable_feature_graph,dag
lifetime_reuse,hierarchical,equal_abstraction_budget,0,49,35,2,27,5.408163265306122,4.142857142857143,4.183673469387755,203,133,133,1.0,1.4285714285714286,1.0,0.7755102040816326,11,49,14,reusable_feature_graph,dag
lifetime_reuse,hierarchical,remove_composition,0,9,5,1,5,10.88888888888889,9.555555555555555,10.0,86,38,38,1.0,10.0,0.0,0.0,0,9,4,flat_reusable_features,dag
lifetime_reuse,hierarchical,remove_hierarchy,0,23,21,1,21,8.043478260869565,7.217391304347826,7.304347826086956,166,94,94,1.0,2.380952380952381,0.0,0.0,0,23,2,flat_reusable_features,dag
lifetime_reuse,compositional,standard,0,49,47,2,29,4.714285714285714,4.326530612244898,4.36734693877551,212,172,172,1.0,1.0638297872340425,1.0,0.7346938775510204,11,49,2,reusable_feature_graph,dag
lifetime_reuse,compositional,equal_abstraction_budget,0,49,35,2,27,5.408163265306122,4.142857142857143,4.183673469387755,203,153,153,1.0,1.4285714285714286,1.0,0.7755102040816326,11,49,14,reusable_feature_graph,dag
lifetime_reuse,compositional,remove_composition,0,9,5,1,5,10.88888888888889,9.555555555555555,10.0,86,53,53,1.0,10.0,0.0,0.0,0,9,4,flat_reusable_features,dag
lifetime_reuse,compositional,remove_hierarchy,0,23,21,1,21,8.043478260869565,7.217391304347826,7.304347826086956,166,98,98,1.0,2.380952380952381,0.0,0.0,0,23,2,flat_reusable_features,dag
lifetime_reuse,partial,standard,0,49,39,3,22,4.428571428571429,2.0,2.204081632653061,98,40,39,0.975,1.2820512820512822,1.0,0.6938775510204082,18,49,10,abstraction_dag,dag
lifetime_reuse,partial,equal_abstraction_budget,0,49,35,3,20,5.244897959183674,2.0,2.204081632653061,98,38,37,0.9736842105263158,1.4285714285714286,1.0,0.7755102040816326,18,49,14,abstraction_dag,dag
lifetime_reuse,partial,remove_composition,0,14,5,1,5,7.357142857142857,3.7857142857142856,4.428571428571429,53,23,19,0.8260869565217391,10.0,0.0,0.0,0,14,9,flat_reusable_features,dag
lifetime_reuse,partial,remove_hierarchy,0,25,15,1,15,7.72,2.92,3.32,73,28,28,1.0,3.3333333333333335,0.0,0.0,0,25,10,flat_memory,dag
lifetime_reuse,anti_compositional,standard,0,46,46,3,27,4.0,4.0,4.0,184,142,142,1.0,1.0869565217391304,1.0,0.8260869565217391,12,46,0,abstraction_dag,dag
lifetime_reuse,anti_compositional,equal_abstraction_budget,0,46,35,3,26,5.586956521739131,3.9347826086956523,3.9347826086956523,181,122,122,1.0,1.4285714285714286,1.0,0.8695652173913043,12,46,11,abstraction_dag,dag
lifetime_reuse,anti_compositional,remove_composition,0,5,4,1,4,15.0,13.6,13.8,68,34,34,1.0,12.5,0.0,0.0,0,5,1,flat_reusable_features,dag
lifetime_reuse,anti_compositional,remove_hierarchy,0,18,18,1,18,6.777777777777778,6.777777777777778,6.777777777777778,122,73,73,1.0,2.7777777777777777,0.0,0.0,0,18,0,flat_reusable_features,dag
novelty,random,standard,0,38,13,1,13,5.2368421052631575,0.15789473684210525,0.8157894736842105,6,31,14,0.45161290322580644,3.8461538461538463,0.0,0.0,0,38,25,flat_memory,dag
novelty,random,equal_abstraction_budget,0,38,13,1,13,5.2368421052631575,0.15789473684210525,0.8157894736842105,6,31,14,0.45161290322580644,3.8461538461538463,0.0,0.0,0,38,25,flat_memory,dag
novelty,random,remove_composition,0,2,0,1,0,1.5,0.0,1.0,0,0,0,0.0,50.0,0.0,0.0,0,2,2,collapse,dag
novelty,random,remove_hierarchy,0,38,13,1,13,5.2368421052631575,0.15789473684210525,0.8157894736842105,6,31,14,0.45161290322580644,3.8461538461538463,0.0,0.0,0,38,25,flat_memory,dag
novelty,no_regularities,standard,0,0,0,0,0,0.0,0.0,0.0,0,0,0,0.0,50.0,0.0,0.0,0,0,0,collapse,dag
novelty,no_regularities,equal_abstraction_budget,0,0,0,0,0,0.0,0.0,0.0,0,0,0,0.0,50.0,0.0,0.0,0,0,0,collapse,dag
novelty,no_regularities,remove_composition,0,0,0,0,0,0.0,0.0,0.0,0,0,0,0.0,50.0,0.0,0.0,0,0,0,collapse,dag
novelty,no_regularities,remove_hierarchy,0,0,0,0,0,0.0,0.0,0.0,0,0,0,0.0,50.0,0.0,0.0,0,0,0,collapse,dag
novelty,hierarchical,standard,0,49,33,1,33,4.918367346938775,1.346938775510204,1.6734693877551021,66,46,36,0.782608695652174,1.5151515151515151,0.0,0.0,0,49,16,flat_memory,dag
novelty,hierarchical,equal_abstraction_budget,0,49,33,1,33,4.918367346938775,1.346938775510204,1.6734693877551021,66,46,36,0.782608695652174,1.5151515151515151,0.0,0.0,0,49,16,flat_memory,dag
novelty,hierarchical,remove_composition,0,9,5,1,5,10.777777777777779,9.555555555555555,10.0,86,38,38,1.0,10.0,0.0,0.0,0,9,4,flat_reusable_features,dag
novelty,hierarchical,remove_hierarchy,0,49,33,1,33,4.918367346938775,1.346938775510204,1.6734693877551021,66,46,36,0.782608695652174,1.5151515151515151,0.0,0.0,0,49,16,flat_memory,dag
novelty,compositional,standard,0,49,33,1,33,4.918367346938775,1.346938775510204,1.6734693877551021,66,47,43,0.9148936170212766,1.5151515151515151,0.0,0.0,0,49,16,flat_memory,dag
novelty,compositional,equal_abstraction_budget,0,49,33,1,33,4.918367346938775,1.346938775510204,1.6734693877551021,66,47,43,0.9148936170212766,1.5151515151515151,0.0,0.0,0,49,16,flat_memory,dag
novelty,compositional,remove_composition,0,9,5,1,5,10.777777777777779,9.555555555555555,10.0,86,53,53,1.0,10.0,0.0,0.0,0,9,4,flat_reusable_features,dag
novelty,compositional,remove_hierarchy,0,49,33,1,33,4.918367346938775,1.346938775510204,1.6734693877551021,66,47,43,0.9148936170212766,1.5151515151515151,0.0,0.0,0,49,16,flat_memory,dag
novelty,partial,standard,0,49,33,2,30,4.6938775510204085,0.8163265306122449,1.1428571428571428,40,16,11,0.6875,1.5151515151515151,1.0,0.12244897959183673,36,49,16,mixed,dag
novelty,partial,equal_abstraction_budget,0,49,33,2,30,4.6938775510204085,0.8163265306122449,1.1428571428571428,40,16,11,0.6875,1.5151515151515151,1.0,0.12244897959183673,36,49,16,mixed,dag
novelty,partial,remove_composition,0,13,5,1,5,8.0,4.153846153846154,4.769230769230769,54,23,19,0.8260869565217391,10.0,0.0,0.0,0,13,8,flat_reusable_features,dag
novelty,partial,remove_hierarchy,0,45,29,1,29,5.133333333333334,0.9111111111111111,1.2666666666666666,41,15,12,0.8,1.7241379310344827,0.0,0.0,0,45,16,flat_memory,dag
novelty,anti_compositional,standard,0,46,36,1,36,4.956521739130435,1.7608695652173914,1.9782608695652173,81,48,48,1.0,1.3888888888888888,0.0,0.0,0,46,10,flat_memory,dag
novelty,anti_compositional,equal_abstraction_budget,0,46,35,1,35,5.326086956521739,1.7608695652173914,1.9565217391304348,81,44,44,1.0,1.4285714285714286,0.0,0.0,0,46,11,flat_memory,dag
novelty,anti_compositional,remove_composition,0,5,4,1,4,15.2,13.6,13.8,68,34,34,1.0,12.5,0.0,0.0,0,5,1,flat_reusable_features,dag
novelty,anti_compositional,remove_hierarchy,0,46,36,1,36,4.956521739130435,1.7608695652173914,1.9782608695652173,81,48,48,1.0,1.3888888888888888,0.0,0.0,0,46,10,flat_memory,dag
prediction_lifetime,random,standard,0,37,14,2,14,5.891891891891892,0.16216216216216217,0.7837837837837838,6,34,15,0.4411764705882353,3.5714285714285716,1.0,0.05405405405405406,14,37,23,mixed,dag
prediction_lifetime,random,equal_abstraction_budget,0,37,14,2,14,5.891891891891892,0.16216216216216217,0.7837837837837838,6,34,15,0.4411764705882353,3.5714285714285716,1.0,0.05405405405405406,14,37,23,mixed,dag
prediction_lifetime,random,remove_composition,0,2,0,1,0,1.5,0.0,1.0,0,0,0,0.0,50.0,0.0,0.0,0,2,2,collapse,dag
prediction_lifetime,random,remove_hierarchy,0,37,14,1,14,6.0,0.16216216216216217,0.7837837837837838,6,34,15,0.4411764705882353,3.5714285714285716,0.0,0.0,0,37,23,flat_memory,dag
prediction_lifetime,no_regularities,standard,0,0,0,0,0,0.0,0.0,0.0,0,0,0,0.0,50.0,0.0,0.0,0,0,0,collapse,dag
prediction_lifetime,no_regularities,equal_abstraction_budget,0,0,0,0,0,0.0,0.0,0.0,0,0,0,0.0,50.0,0.0,0.0,0,0,0,collapse,dag
prediction_lifetime,no_regularities,remove_composition,0,0,0,0,0,0.0,0.0,0.0,0,0,0,0.0,50.0,0.0,0.0,0,0,0,collapse,dag
prediction_lifetime,no_regularities,remove_hierarchy,0,0,0,0,0,0.0,0.0,0.0,0,0,0,0.0,50.0,0.0,0.0,0,0,0,collapse,dag
prediction_lifetime,hierarchical,standard,0,49,46,2,28,4.6938775510204085,4.285714285714286,4.346938775510204,210,151,151,1.0,1.0869565217391304,1.0,0.7346938775510204,11,49,3,reusable_feature_graph,dag
prediction_lifetime,hierarchical,equal_abstraction_budget,0,49,35,2,26,5.469387755102041,4.183673469387755,4.244897959183674,205,134,134,1.0,1.4285714285714286,1.0,0.7346938775510204,11,49,14,reusable_feature_graph,dag
prediction_lifetime,hierarchical,remove_composition,0,9,5,1,5,10.88888888888889,9.555555555555555,10.0,86,38,38,1.0,10.0,0.0,0.0,0,9,4,flat_reusable_features,dag
prediction_lifetime,hierarchical,remove_hierarchy,0,25,22,1,22,7.8,7.0,7.12,175,96,96,1.0,2.272727272727273,0.0,0.0,0,25,3,flat_reusable_features,dag
prediction_lifetime,compositional,standard,0,49,46,2,28,4.6938775510204085,4.285714285714286,4.346938775510204,210,170,170,1.0,1.0869565217391304,1.0,0.7346938775510204,11,49,3,reusable_feature_graph,dag
prediction_lifetime,compositional,equal_abstraction_budget,0,49,35,2,26,5.469387755102041,4.183673469387755,4.244897959183674,205,151,151,1.0,1.4285714285714286,1.0,0.7346938775510204,11,49,14,reusable_feature_graph,dag
prediction_lifetime,compositional,remove_composition,0,9,5,1,5,10.88888888888889,9.555555555555555,10.0,86,53,53,1.0,10.0,0.0,0.0,0,9,4,flat_reusable_features,dag
prediction_lifetime,compositional,remove_hierarchy,0,25,22,1,22,7.8,7.0,7.12,175,98,98,1.0,2.272727272727273,0.0,0.0,0,25,3,flat_reusable_features,dag
prediction_lifetime,partial,standard,0,49,37,3,21,3.489795918367347,1.9795918367346939,2.2244897959183674,97,40,39,0.975,1.3513513513513513,1.0,0.6938775510204082,6,49,12,abstraction_dag,dag
prediction_lifetime,partial,equal_abstraction_budget,0,49,35,2,21,4.285714285714286,1.9795918367346939,2.2244897959183674,97,40,39,0.975,1.4285714285714286,1.0,0.6530612244897959,6,49,14,mixed,dag
prediction_lifetime,partial,remove_composition,0,14,5,1,5,7.357142857142857,3.7857142857142856,4.428571428571429,53,23,19,0.8260869565217391,10.0,0.0,0.0,0,14,9,flat_reusable_features,dag
prediction_lifetime,partial,remove_hierarchy,0,23,14,1,14,5.217391304347826,3.0434782608695654,3.4347826086956523,70,28,28,1.0,3.5714285714285716,0.0,0.0,0,23,9,flat_memory,dag
prediction_lifetime,anti_compositional,standard,0,46,45,3,25,4.304347826086956,3.9782608695652173,4.0,183,141,141,1.0,1.1111111111111112,1.0,0.8695652173913043,12,46,1,abstraction_dag,dag
prediction_lifetime,anti_compositional,equal_abstraction_budget,0,46,35,3,24,5.956521739130435,3.9565217391304346,3.9782608695652173,182,122,122,1.0,1.4285714285714286,1.0,0.6956521739130435,12,46,11,abstraction_dag,dag
prediction_lifetime,anti_compositional,remove_composition,0,5,4,1,4,15.0,13.6,13.8,68,34,34,1.0,12.5,0.0,0.0,0,5,1,flat_reusable_features,dag
prediction_lifetime,anti_compositional,remove_hierarchy,0,16,16,1,16,6.9375,6.9375,6.9375,111,71,71,1.0,3.125,0.0,0.0,0,16,0,flat_reusable_features,dag
exact_memory,random,standard,0,43,35,1,35,3.3255813953488373,0.16279069767441862,0.3488372093023256,7,4,1,0.25,1.4285714285714286,0.0,0.0,0,43,8,flat_memory,dag
exact_memory,random,equal_abstraction_budget,0,43,34,1,34,4.4186046511627906,0.16279069767441862,0.3488372093023256,7,4,1,0.25,1.4705882352941178,0.0,0.0,0,43,9,flat_memory,dag
exact_memory,random,remove_composition,0,43,35,1,35,3.3255813953488373,0.16279069767441862,0.3488372093023256,7,4,1,0.25,1.4285714285714286,0.0,0.0,0,43,8,flat_memory,dag
exact_memory,random,remove_hierarchy,0,43,35,1,35,3.3255813953488373,0.16279069767441862,0.3488372093023256,7,4,1,0.25,1.4285714285714286,0.0,0.0,0,43,8,flat_memory,dag
exact_memory,no_regularities,standard,0,38,38,1,38,0.3157894736842105,0.3157894736842105,0.3157894736842105,12,10,10,1.0,1.3157894736842106,0.0,0.0,0,38,0,flat_memory,dag
exact_memory,no_regularities,equal_abstraction_budget,0,38,35,1,35,3.8684210526315788,0.3157894736842105,0.3157894736842105,12,9,9,1.0,1.4285714285714286,0.0,0.0,0,38,3,flat_memory,dag
exact_memory,no_regularities,remove_composition,0,38,38,1,38,0.3157894736842105,0.3157894736842105,0.3157894736842105,12,10,10,1.0,1.3157894736842106,0.0,0.0,0,38,0,flat_memory,dag
exact_memory,no_regularities,remove_hierarchy,0,38,38,1,38,0.3157894736842105,0.3157894736842105,0.3157894736842105,12,10,10,1.0,1.3157894736842106,0.0,0.0,0,38,0,flat_memory,dag
exact_memory,hierarchical,standard,0,33,33,1,33,0.5151515151515151,0.5151515151515151,0.5151515151515151,17,9,9,1.0,1.5151515151515151,0.0,0.0,0,33,0,flat_memory,dag
exact_memory,hierarchical,equal_abstraction_budget,0,33,33,1,33,0.5151515151515151,0.5151515151515151,0.5151515151515151,17,9,9,1.0,1.5151515151515151,0.0,0.0,0,33,0,flat_memory,dag
exact_memory,hierarchical,remove_composition,0,33,33,1,33,0.5151515151515151,0.5151515151515151,0.5151515151515151,17,9,9,1.0,1.5151515151515151,0.0,0.0,0,33,0,flat_memory,dag
exact_memory,hierarchical,remove_hierarchy,0,33,33,1,33,0.5151515151515151,0.5151515151515151,0.5151515151515151,17,9,9,1.0,1.5151515151515151,0.0,0.0,0,33,0,flat_memory,dag
exact_memory,compositional,standard,0,33,33,1,33,0.5151515151515151,0.5151515151515151,0.5151515151515151,17,7,7,1.0,1.5151515151515151,0.0,0.0,0,33,0,flat_memory,dag
exact_memory,compositional,equal_abstraction_budget,0,33,33,1,33,0.5151515151515151,0.5151515151515151,0.5151515151515151,17,7,7,1.0,1.5151515151515151,0.0,0.0,0,33,0,flat_memory,dag
exact_memory,compositional,remove_composition,0,33,33,1,33,0.5151515151515151,0.5151515151515151,0.5151515151515151,17,7,7,1.0,1.5151515151515151,0.0,0.0,0,33,0,flat_memory,dag
exact_memory,compositional,remove_hierarchy,0,33,33,1,33,0.5151515151515151,0.5151515151515151,0.5151515151515151,17,7,7,1.0,1.5151515151515151,0.0,0.0,0,33,0,flat_memory,dag
exact_memory,partial,standard,0,48,35,1,35,3.0,0.20833333333333334,0.4791666666666667,10,6,2,0.3333333333333333,1.4285714285714286,0.0,0.0,0,48,13,flat_memory,dag
exact_memory,partial,equal_abstraction_budget,0,48,35,1,35,3.0,0.20833333333333334,0.4791666666666667,10,6,2,0.3333333333333333,1.4285714285714286,0.0,0.0,0,48,13,flat_memory,dag
exact_memory,partial,remove_composition,0,48,35,1,35,3.0,0.20833333333333334,0.4791666666666667,10,6,2,0.3333333333333333,1.4285714285714286,0.0,0.0,0,48,13,flat_memory,dag
exact_memory,partial,remove_hierarchy,0,48,35,1,35,3.0,0.20833333333333334,0.4791666666666667,10,6,2,0.3333333333333333,1.4285714285714286,0.0,0.0,0,48,13,flat_memory,dag
exact_memory,anti_compositional,standard,0,41,41,1,41,0.21951219512195122,0.21951219512195122,0.21951219512195122,9,7,7,1.0,1.2195121951219512,0.0,0.0,0,41,0,flat_memory,dag
exact_memory,anti_compositional,equal_abstraction_budget,0,42,35,1,35,6.9523809523809526,0.19047619047619047,0.19047619047619047,8,7,7,1.0,1.4285714285714286,0.0,0.0,0,42,7,flat_memory,dag
exact_memory,anti_compositional,remove_composition,0,41,41,1,41,0.21951219512195122,0.21951219512195122,0.21951219512195122,9,7,7,1.0,1.2195121951219512,0.0,0.0,0,41,0,flat_memory,dag
exact_memory,anti_compositional,remove_hierarchy,0,41,41,1,41,0.21951219512195122,0.21951219512195122,0.21951219512195122,9,7,7,1.0,1.2195121951219512,0.0,0.0,0,41,0,flat_memory,dag
accuracy,random,standard,0,15,0,1,0,7.2,0.2,1.2,3,0,0,0.0,50.0,0.0,0.0,0,15,15,collapse,hypergraph
accuracy,random,equal_abstraction_budget,0,15,0,1,0,7.2,0.2,1.2,3,0,0,0.0,50.0,0.0,0.0,0,15,15,collapse,hypergraph
accuracy,random,remove_composition,0,2,0,1,0,1.5,0.0,1.0,0,0,0,0.0,50.0,0.0,0.0,0,2,2,collapse,hypergraph
accuracy,random,remove_hierarchy,0,15,0,1,0,7.2,0.2,1.2,3,0,0,0.0,50.0,0.0,0.0,0,15,15,collapse,hypergraph
accuracy,no_regularities,standard,0,0,0,0,0,0.0,0.0,0.0,0,0,0,0.0,50.0,0.0,0.0,0,0,0,collapse,hypergraph
accuracy,no_regularities,equal_abstraction_budget,0,0,0,0,0,0.0,0.0,0.0,0,0,0,0.0,50.0,0.0,0.0,0,0,0,collapse,hypergraph
accuracy,no_regularities,remove_composition,0,0,0,0,0,0.0,0.0,0.0,0,0,0,0.0,50.0,0.0,0.0,0,0,0,collapse,hypergraph
accuracy,no_regularities,remove_hierarchy,0,0,0,0,0,0.0,0.0,0.0,0,0,0,0.0,50.0,0.0,0.0,0,0,0,collapse,hypergraph
accuracy,hierarchical,standard,0,48,42,2,38,4.604166666666667,3.625,3.75,174,160,156,0.975,1.1904761904761905,1.0,0.16666666666666666,39,48,6,mixed,hypergraph
accuracy,hierarchical,equal_abstraction_budget,0,49,35,2,34,5.122448979591836,3.4693877551020407,3.5918367346938775,170,146,145,0.9931506849315068,1.4285714285714286,1.0,0.20408163265306123,39,49,14,mixed,hypergraph
accuracy,hierarchical,remove_composition,0,9,5,1,5,10.777777777777779,9.444444444444445,9.88888888888889,85,38,38,1.0,10.0,0.0,0.0,0,9,4,flat_reusable_features,hypergraph
accuracy,hierarchical,remove_hierarchy,0,44,38,1,38,4.9772727272727275,3.909090909090909,4.045454545454546,172,151,149,0.9867549668874173,1.3157894736842106,0.0,0.0,0,44,6,flat_reusable_features,hypergraph
accuracy,compositional,standard,0,48,42,2,38,4.604166666666667,3.625,3.75,174,193,188,0.9740932642487047,1.1904761904761905,1.0,0.16666666666666666,39,48,6,mixed,hypergraph
accuracy,compositional,equal_abstraction_budget,0,49,35,2,34,5.122448979591836,3.4693877551020407,3.5918367346938775,170,162,161,0.9938271604938271,1.4285714285714286,1.0,0.20408163265306123,39,49,14,mixed,hypergraph
accuracy,compositional,remove_composition,0,9,5,1,5,10.777777777777779,9.444444444444445,9.88888888888889,85,53,53,1.0,10.0,0.0,0.0,0,9,4,flat_reusable_features,hypergraph
accuracy,compositional,remove_hierarchy,0,44,38,1,38,4.9772727272727275,3.909090909090909,4.045454545454546,172,158,157,0.9936708860759493,1.3157894736842106,0.0,0.0,0,44,6,flat_reusable_features,hypergraph
accuracy,partial,standard,0,49,33,2,33,4.510204081632653,1.183673469387755,1.510204081632653,58,37,29,0.7837837837837838,1.5151515151515151,1.0,0.04081632653061224,7,49,16,mixed,hypergraph
accuracy,partial,equal_abstraction_budget,0,49,33,2,33,4.510204081632653,1.183673469387755,1.510204081632653,58,37,29,0.7837837837837838,1.5151515151515151,1.0,0.04081632653061224,7,49,16,mixed,hypergraph
accuracy,partial,remove_composition,0,14,5,1,5,7.428571428571429,3.857142857142857,4.5,54,23,19,0.8260869565217391,10.0,0.0,0.0,0,14,9,flat_reusable_features,hypergraph
accuracy,partial,remove_hierarchy,0,49,33,1,33,4.551020408163265,1.183673469387755,1.510204081632653,58,37,29,0.7837837837837838,1.5151515151515151,0.0,0.0,0,49,16,flat_memory,hypergraph
accuracy,anti_compositional,standard,0,41,35,2,33,5.365853658536586,4.2926829268292686,4.439024390243903,176,145,145,1.0,1.4285714285714286,1.0,0.0975609756097561,31,41,6,reusable_feature_graph,hypergraph
accuracy,anti_compositional,equal_abstraction_budget,0,41,35,2,33,5.365853658536586,4.2926829268292686,4.439024390243903,176,145,145,1.0,1.4285714285714286,1.0,0.0975609756097561,31,41,6,reusable_feature_graph,hypergraph
accuracy,anti_compositional,remove_composition,0,5,4,1,4,15.2,13.6,13.8,68,34,34,1.0,12.5,0.0,0.0,0,5,1,flat_reusable_features,hypergraph
accuracy,anti_compositional,remove_hierarchy,0,34,27,1,27,6.117647058823529,4.764705882352941,4.970588235294118,162,105,105,1.0,1.8518518518518519,0.0,0.0,0,34,7,flat_reusable_features,hypergraph
compression,random,standard,0,15,0,1,0,7.2,0.2,1.2,3,0,0,0.0,50.0,0.0,0.0,0,15,15,collapse,hypergraph
compression,random,equal_abstraction_budget,0,15,0,1,0,7.2,0.2,1.2,3,0,0,0.0,50.0,0.0,0.0,0,15,15,collapse,hypergraph
compression,random,remove_composition,0,2,0,1,0,1.5,0.0,1.0,0,0,0,0.0,50.0,0.0,0.0,0,2,2,collapse,hypergraph
compression,random,remove_hierarchy,0,15,0,1,0,7.2,0.2,1.2,3,0,0,0.0,50.0,0.0,0.0,0,15,15,collapse,hypergraph
compression,no_regularities,standard,0,0,0,0,0,0.0,0.0,0.0,0,0,0,0.0,50.0,0.0,0.0,0,0,0,collapse,hypergraph
compression,no_regularities,equal_abstraction_budget,0,0,0,0,0,0.0,0.0,0.0,0,0,0,0.0,50.0,0.0,0.0,0,0,0,collapse,hypergraph
compression,no_regularities,remove_composition,0,0,0,0,0,0.0,0.0,0.0,0,0,0,0.0,50.0,0.0,0.0,0,0,0,collapse,hypergraph
compression,no_regularities,remove_hierarchy,0,0,0,0,0,0.0,0.0,0.0,0,0,0,0.0,50.0,0.0,0.0,0,0,0,collapse,hypergraph
compression,hierarchical,standard,0,46,41,2,32,5.108695652173913,4.739130434782608,4.8478260869565215,218,158,157,0.9936708860759493,1.2195121951219512,1.0,0.43478260869565216,22,46,5,reusable_feature_graph,hypergraph
compression,hierarchical,equal_abstraction_budget,0,47,35,2,28,5.851063829787234,4.553191489361702,4.659574468085107,214,143,143,1.0,1.4285714285714286,1.0,0.46808510638297873,22,47,12,reusable_feature_graph,hypergraph
compression,hierarchical,remove_composition,0,9,5,1,5,10.88888888888889,9.555555555555555,10.0,86,38,38,1.0,10.0,0.0,0.0,0,9,4,flat_reusable_features,hypergraph
compression,hierarchical,remove_hierarchy,0,28,24,1,24,6.785714285714286,6.357142857142857,6.5,178,104,104,1.0,2.0833333333333335,0.0,0.0,0,28,4,flat_reusable_features,hypergraph
compression,compositional,standard,0,46,41,2,32,5.108695652173913,4.739130434782608,4.8478260869565215,218,190,190,1.0,1.2195121951219512,1.0,0.43478260869565216,22,46,5,reusable_feature_graph,hypergraph
compression,compositional,equal_abstraction_budget,0,47,35,2,28,5.851063829787234,4.553191489361702,4.659574468085107,214,165,165,1.0,1.4285714285714286,1.0,0.46808510638297873,22,47,12,reusable_feature_graph,hypergraph
compression,compositional,remove_composition,0,9,5,1,5,10.88888888888889,9.555555555555555,10.0,86,53,53,1.0,10.0,0.0,0.0,0,9,4,flat_reusable_features,hypergraph
compression,compositional,remove_hierarchy,0,28,24,1,24,6.785714285714286,6.357142857142857,6.5,178,108,108,1.0,2.0833333333333335,0.0,0.0,0,28,4,flat_reusable_features,hypergraph
compression,partial,standard,0,49,36,2,29,3.5918367346938775,1.9387755102040816,2.204081632653061,95,50,42,0.84,1.3888888888888888,1.0,0.2857142857142857,18,49,13,mixed,hypergraph
compression,partial,equal_abstraction_budget,0,49,35,2,28,3.857142857142857,1.9387755102040816,2.204081632653061,95,50,42,0.84,1.4285714285714286,1.0,0.2857142857142857,18,49,14,mixed,hypergraph
compression,partial,remove_composition,0,14,5,1,5,7.357142857142857,3.7857142857142856,4.428571428571429,53,23,19,0.8260869565217391,10.0,0.0,0.0,0,14,9,flat_reusable_features,hypergraph
compression,partial,remove_hierarchy,0,25,14,1,14,5.6,2.84,3.28,71,33,29,0.8787878787878788,3.5714285714285716,0.0,0.0,0,25,11,flat_memory,hypergraph
compression,anti_compositional,standard,0,37,34,2,28,6.351351351351352,5.54054054054054,5.621621621621622,205,141,141,1.0,1.4705882352941178,1.0,0.3783783783783784,14,37,3,reusable_feature_graph,hypergraph
compression,anti_compositional,equal_abstraction_budget,0,37,34,2,28,6.351351351351352,5.54054054054054,5.621621621621622,205,141,141,1.0,1.4705882352941178,1.0,0.3783783783783784,14,37,3,reusable_feature_graph,hypergraph
compression,anti_compositional,remove_composition,0,5,4,1,4,15.0,13.6,13.8,68,34,34,1.0,12.5,0.0,0.0,0,5,1,flat_reusable_features,hypergraph
compression,anti_compositional,remove_hierarchy,0,22,19,1,19,8.636363636363637,7.136363636363637,7.2727272727272725,157,89,89,1.0,2.6315789473684212,0.0,0.0,0,22,3,flat_reusable_features,hypergraph
lifetime_reuse,random,standard,0,37,14,1,14,5.5675675675675675,0.16216216216216217,0.7837837837837838,6,34,15,0.4411764705882353,3.5714285714285716,0.0,0.0,0,37,23,flat_memory,hypergraph
lifetime_reuse,random,equal_abstraction_budget,0,37,14,1,14,5.5675675675675675,0.16216216216216217,0.7837837837837838,6,34,15,0.4411764705882353,3.5714285714285716,0.0,0.0,0,37,23,flat_memory,hypergraph
lifetime_reuse,random,remove_composition,0,2,0,1,0,1.5,0.0,1.0,0,0,0,0.0,50.0,0.0,0.0,0,2,2,collapse,hypergraph
lifetime_reuse,random,remove_hierarchy,0,37,14,1,14,5.5675675675675675,0.16216216216216217,0.7837837837837838,6,34,15,0.4411764705882353,3.5714285714285716,0.0,0.0,0,37,23,flat_memory,hypergraph
lifetime_reuse,no_regularities,standard,0,0,0,0,0,0.0,0.0,0.0,0,0,0,0.0,50.0,0.0,0.0,0,0,0,collapse,hypergraph
lifetime_reuse,no_regularities,equal_abstraction_budget,0,0,0,0,0,0.0,0.0,0.0,0,0,0,0.0,50.0,0.0,0.0,0,0,0,collapse,hypergraph
lifetime_reuse,no_regularities,remove_composition,0,0,0,0,0,0.0,0.0,0.0,0,0,0,0.0,50.0,0.0,0.0,0,0,0,collapse,hypergraph
lifetime_reuse,no_regularities,remove_hierarchy,0,0,0,0,0,0.0,0.0,0.0,0,0,0,0.0,50.0,0.0,0.0,0,0,0,collapse,hypergraph
lifetime_reuse,hierarchical,standard,0,49,47,2,29,4.714285714285714,4.326530612244898,4.36734693877551,212,153,153,1.0,1.0638297872340425,1.0,0.7346938775510204,11,49,2,reusable_feature_graph,hypergraph
lifetime_reuse,hierarchical,equal_abstraction_budget,0,49,35,2,27,5.408163265306122,4.142857142857143,4.183673469387755,203,133,133,1.0,1.4285714285714286,1.0,0.7755102040816326,11,49,14,reusable_feature_graph,hypergraph
lifetime_reuse,hierarchical,remove_composition,0,9,5,1,5,10.88888888888889,9.555555555555555,10.0,86,38,38,1.0,10.0,0.0,0.0,0,9,4,flat_reusable_features,hypergraph
lifetime_reuse,hierarchical,remove_hierarchy,0,23,21,1,21,8.043478260869565,7.217391304347826,7.304347826086956,166,94,94,1.0,2.380952380952381,0.0,0.0,0,23,2,flat_reusable_features,hypergraph
lifetime_reuse,compositional,standard,0,49,47,2,29,4.714285714285714,4.326530612244898,4.36734693877551,212,172,172,1.0,1.0638297872340425,1.0,0.7346938775510204,11,49,2,reusable_feature_graph,hypergraph
lifetime_reuse,compositional,equal_abstraction_budget,0,49,35,2,27,5.408163265306122,4.142857142857143,4.183673469387755,203,153,153,1.0,1.4285714285714286,1.0,0.7755102040816326,11,49,14,reusable_feature_graph,hypergraph
lifetime_reuse,compositional,remove_composition,0,9,5,1,5,10.88888888888889,9.555555555555555,10.0,86,53,53,1.0,10.0,0.0,0.0,0,9,4,flat_reusable_features,hypergraph
lifetime_reuse,compositional,remove_hierarchy,0,23,21,1,21,8.043478260869565,7.217391304347826,7.304347826086956,166,98,98,1.0,2.380952380952381,0.0,0.0,0,23,2,flat_reusable_features,hypergraph
lifetime_reuse,partial,standard,0,49,39,3,22,4.428571428571429,2.0,2.204081632653061,98,40,39,0.975,1.2820512820512822,1.0,0.6938775510204082,18,49,10,abstraction_dag,hypergraph
lifetime_reuse,partial,equal_abstraction_budget,0,49,35,3,20,5.244897959183674,2.0,2.204081632653061,98,38,37,0.9736842105263158,1.4285714285714286,1.0,0.7755102040816326,18,49,14,abstraction_dag,hypergraph
lifetime_reuse,partial,remove_composition,0,14,5,1,5,7.357142857142857,3.7857142857142856,4.428571428571429,53,23,19,0.8260869565217391,10.0,0.0,0.0,0,14,9,flat_reusable_features,hypergraph
lifetime_reuse,partial,remove_hierarchy,0,25,15,1,15,7.72,2.92,3.32,73,28,28,1.0,3.3333333333333335,0.0,0.0,0,25,10,flat_memory,hypergraph
lifetime_reuse,anti_compositional,standard,0,46,46,3,27,4.0,4.0,4.0,184,142,142,1.0,1.0869565217391304,1.0,0.8260869565217391,12,46,0,abstraction_dag,hypergraph
lifetime_reuse,anti_compositional,equal_abstraction_budget,0,46,35,3,26,5.586956521739131,3.9347826086956523,3.9347826086956523,181,122,122,1.0,1.4285714285714286,1.0,0.8695652173913043,12,46,11,abstraction_dag,hypergraph
lifetime_reuse,anti_compositional,remove_composition,0,5,4,1,4,15.0,13.6,13.8,68,34,34,1.0,12.5,0.0,0.0,0,5,1,flat_reusable_features,hypergraph
lifetime_reuse,anti_compositional,remove_hierarchy,0,18,18,1,18,6.777777777777778,6.777777777777778,6.777777777777778,122,73,73,1.0,2.7777777777777777,0.0,0.0,0,18,0,flat_reusable_features,hypergraph
novelty,random,standard,0,38,13,1,13,5.2368421052631575,0.15789473684210525,0.8157894736842105,6,31,14,0.45161290322580644,3.8461538461538463,0.0,0.0,0,38,25,flat_memory,hypergraph
novelty,random,equal_abstraction_budget,0,38,13,1,13,5.2368421052631575,0.15789473684210525,0.8157894736842105,6,31,14,0.45161290322580644,3.8461538461538463,0.0,0.0,0,38,25,flat_memory,hypergraph
novelty,random,remove_composition,0,2,0,1,0,1.5,0.0,1.0,0,0,0,0.0,50.0,0.0,0.0,0,2,2,collapse,hypergraph
novelty,random,remove_hierarchy,0,38,13,1,13,5.2368421052631575,0.15789473684210525,0.8157894736842105,6,31,14,0.45161290322580644,3.8461538461538463,0.0,0.0,0,38,25,flat_memory,hypergraph
novelty,no_regularities,standard,0,0,0,0,0,0.0,0.0,0.0,0,0,0,0.0,50.0,0.0,0.0,0,0,0,collapse,hypergraph
novelty,no_regularities,equal_abstraction_budget,0,0,0,0,0,0.0,0.0,0.0,0,0,0,0.0,50.0,0.0,0.0,0,0,0,collapse,hypergraph
novelty,no_regularities,remove_composition,0,0,0,0,0,0.0,0.0,0.0,0,0,0,0.0,50.0,0.0,0.0,0,0,0,collapse,hypergraph
novelty,no_regularities,remove_hierarchy,0,0,0,0,0,0.0,0.0,0.0,0,0,0,0.0,50.0,0.0,0.0,0,0,0,collapse,hypergraph
novelty,hierarchical,standard,0,49,33,1,33,4.918367346938775,1.346938775510204,1.6734693877551021,66,46,36,0.782608695652174,1.5151515151515151,0.0,0.0,0,49,16,flat_memory,hypergraph
novelty,hierarchical,equal_abstraction_budget,0,49,33,1,33,4.918367346938775,1.346938775510204,1.6734693877551021,66,46,36,0.782608695652174,1.5151515151515151,0.0,0.0,0,49,16,flat_memory,hypergraph
novelty,hierarchical,remove_composition,0,9,5,1,5,10.777777777777779,9.555555555555555,10.0,86,38,38,1.0,10.0,0.0,0.0,0,9,4,flat_reusable_features,hypergraph
novelty,hierarchical,remove_hierarchy,0,49,33,1,33,4.918367346938775,1.346938775510204,1.6734693877551021,66,46,36,0.782608695652174,1.5151515151515151,0.0,0.0,0,49,16,flat_memory,hypergraph
novelty,compositional,standard,0,49,33,1,33,4.918367346938775,1.346938775510204,1.6734693877551021,66,47,43,0.9148936170212766,1.5151515151515151,0.0,0.0,0,49,16,flat_memory,hypergraph
novelty,compositional,equal_abstraction_budget,0,49,33,1,33,4.918367346938775,1.346938775510204,1.6734693877551021,66,47,43,0.9148936170212766,1.5151515151515151,0.0,0.0,0,49,16,flat_memory,hypergraph
novelty,compositional,remove_composition,0,9,5,1,5,10.777777777777779,9.555555555555555,10.0,86,53,53,1.0,10.0,0.0,0.0,0,9,4,flat_reusable_features,hypergraph
novelty,compositional,remove_hierarchy,0,49,33,1,33,4.918367346938775,1.346938775510204,1.6734693877551021,66,47,43,0.9148936170212766,1.5151515151515151,0.0,0.0,0,49,16,flat_memory,hypergraph
novelty,partial,standard,0,49,33,2,30,4.6938775510204085,0.8163265306122449,1.1428571428571428,40,16,11,0.6875,1.5151515151515151,1.0,0.12244897959183673,36,49,16,mixed,hypergraph
novelty,partial,equal_abstraction_budget,0,49,33,2,30,4.6938775510204085,0.8163265306122449,1.1428571428571428,40,16,11,0.6875,1.5151515151515151,1.0,0.12244897959183673,36,49,16,mixed,hypergraph
novelty,partial,remove_composition,0,13,5,1,5,8.0,4.153846153846154,4.769230769230769,54,23,19,0.8260869565217391,10.0,0.0,0.0,0,13,8,flat_reusable_features,hypergraph
novelty,partial,remove_hierarchy,0,45,29,1,29,5.133333333333334,0.9111111111111111,1.2666666666666666,41,15,12,0.8,1.7241379310344827,0.0,0.0,0,45,16,flat_memory,hypergraph
novelty,anti_compositional,standard,0,46,36,1,36,4.956521739130435,1.7608695652173914,1.9782608695652173,81,48,48,1.0,1.3888888888888888,0.0,0.0,0,46,10,flat_memory,hypergraph
novelty,anti_compositional,equal_abstraction_budget,0,46,35,1,35,5.326086956521739,1.7608695652173914,1.9565217391304348,81,44,44,1.0,1.4285714285714286,0.0,0.0,0,46,11,flat_memory,hypergraph
novelty,anti_compositional,remove_composition,0,5,4,1,4,15.2,13.6,13.8,68,34,34,1.0,12.5,0.0,0.0,0,5,1,flat_reusable_features,hypergraph
novelty,anti_compositional,remove_hierarchy,0,46,36,1,36,4.956521739130435,1.7608695652173914,1.9782608695652173,81,48,48,1.0,1.3888888888888888,0.0,0.0,0,46,10,flat_memory,hypergraph
prediction_lifetime,random,standard,0,37,14,2,14,5.891891891891892,0.16216216216216217,0.7837837837837838,6,34,15,0.4411764705882353,3.5714285714285716,1.0,0.05405405405405406,14,37,23,mixed,hypergraph
prediction_lifetime,random,equal_abstraction_budget,0,37,14,2,14,5.891891891891892,0.16216216216216217,0.7837837837837838,6,34,15,0.4411764705882353,3.5714285714285716,1.0,0.05405405405405406,14,37,23,mixed,hypergraph
prediction_lifetime,random,remove_composition,0,2,0,1,0,1.5,0.0,1.0,0,0,0,0.0,50.0,0.0,0.0,0,2,2,collapse,hypergraph
prediction_lifetime,random,remove_hierarchy,0,37,14,1,14,6.0,0.16216216216216217,0.7837837837837838,6,34,15,0.4411764705882353,3.5714285714285716,0.0,0.0,0,37,23,flat_memory,hypergraph
prediction_lifetime,no_regularities,standard,0,0,0,0,0,0.0,0.0,0.0,0,0,0,0.0,50.0,0.0,0.0,0,0,0,collapse,hypergraph
prediction_lifetime,no_regularities,equal_abstraction_budget,0,0,0,0,0,0.0,0.0,0.0,0,0,0,0.0,50.0,0.0,0.0,0,0,0,collapse,hypergraph
prediction_lifetime,no_regularities,remove_composition,0,0,0,0,0,0.0,0.0,0.0,0,0,0,0.0,50.0,0.0,0.0,0,0,0,collapse,hypergraph
prediction_lifetime,no_regularities,remove_hierarchy,0,0,0,0,0,0.0,0.0,0.0,0,0,0,0.0,50.0,0.0,0.0,0,0,0,collapse,hypergraph
prediction_lifetime,hierarchical,standard,0,49,46,2,28,4.6938775510204085,4.285714285714286,4.346938775510204,210,151,151,1.0,1.0869565217391304,1.0,0.7346938775510204,11,49,3,reusable_feature_graph,hypergraph
prediction_lifetime,hierarchical,equal_abstraction_budget,0,49,35,2,26,5.469387755102041,4.183673469387755,4.244897959183674,205,134,134,1.0,1.4285714285714286,1.0,0.7346938775510204,11,49,14,reusable_feature_graph,hypergraph
prediction_lifetime,hierarchical,remove_composition,0,9,5,1,5,10.88888888888889,9.555555555555555,10.0,86,38,38,1.0,10.0,0.0,0.0,0,9,4,flat_reusable_features,hypergraph
prediction_lifetime,hierarchical,remove_hierarchy,0,25,22,1,22,7.8,7.0,7.12,175,96,96,1.0,2.272727272727273,0.0,0.0,0,25,3,flat_reusable_features,hypergraph
prediction_lifetime,compositional,standard,0,49,46,2,28,4.6938775510204085,4.285714285714286,4.346938775510204,210,170,170,1.0,1.0869565217391304,1.0,0.7346938775510204,11,49,3,reusable_feature_graph,hypergraph
prediction_lifetime,compositional,equal_abstraction_budget,0,49,35,2,26,5.469387755102041,4.183673469387755,4.244897959183674,205,151,151,1.0,1.4285714285714286,1.0,0.7346938775510204,11,49,14,reusable_feature_graph,hypergraph
prediction_lifetime,compositional,remove_composition,0,9,5,1,5,10.88888888888889,9.555555555555555,10.0,86,53,53,1.0,10.0,0.0,0.0,0,9,4,flat_reusable_features,hypergraph
prediction_lifetime,compositional,remove_hierarchy,0,25,22,1,22,7.8,7.0,7.12,175,98,98,1.0,2.272727272727273,0.0,0.0,0,25,3,flat_reusable_features,hypergraph
prediction_lifetime,partial,standard,0,49,37,3,21,3.489795918367347,1.9795918367346939,2.2244897959183674,97,40,39,0.975,1.3513513513513513,1.0,0.6938775510204082,6,49,12,abstraction_dag,hypergraph
prediction_lifetime,partial,equal_abstraction_budget,0,49,35,2,21,4.285714285714286,1.9795918367346939,2.2244897959183674,97,40,39,0.975,1.4285714285714286,1.0,0.6530612244897959,6,49,14,mixed,hypergraph
prediction_lifetime,partial,remove_composition,0,14,5,1,5,7.357142857142857,3.7857142857142856,4.428571428571429,53,23,19,0.8260869565217391,10.0,0.0,0.0,0,14,9,flat_reusable_features,hypergraph
prediction_lifetime,partial,remove_hierarchy,0,23,14,1,14,5.217391304347826,3.0434782608695654,3.4347826086956523,70,28,28,1.0,3.5714285714285716,0.0,0.0,0,23,9,flat_memory,hypergraph
prediction_lifetime,anti_compositional,standard,0,46,45,3,25,4.304347826086956,3.9782608695652173,4.0,183,141,141,1.0,1.1111111111111112,1.0,0.8695652173913043,12,46,1,abstraction_dag,hypergraph
prediction_lifetime,anti_compositional,equal_abstraction_budget,0,46,35,3,24,5.956521739130435,3.9565217391304346,3.9782608695652173,182,122,122,1.0,1.4285714285714286,1.0,0.6956521739130435,12,46,11,abstraction_dag,hypergraph
prediction_lifetime,anti_compositional,remove_composition,0,5,4,1,4,15.0,13.6,13.8,68,34,34,1.0,12.5,0.0,0.0,0,5,1,flat_reusable_features,hypergraph
prediction_lifetime,anti_compositional,remove_hierarchy,0,16,16,1,16,6.9375,6.9375,6.9375,111,71,71,1.0,3.125,0.0,0.0,0,16,0,flat_reusable_features,hypergraph
exact_memory,random,standard,0,43,35,1,35,3.3255813953488373,0.16279069767441862,0.3488372093023256,7,4,1,0.25,1.4285714285714286,0.0,0.0,0,43,8,flat_memory,hypergraph
exact_memory,random,equal_abstraction_budget,0,43,34,1,34,4.4186046511627906,0.16279069767441862,0.3488372093023256,7,4,1,0.25,1.4705882352941178,0.0,0.0,0,43,9,flat_memory,hypergraph
exact_memory,random,remove_composition,0,43,35,1,35,3.3255813953488373,0.16279069767441862,0.3488372093023256,7,4,1,0.25,1.4285714285714286,0.0,0.0,0,43,8,flat_memory,hypergraph
exact_memory,random,remove_hierarchy,0,43,35,1,35,3.3255813953488373,0.16279069767441862,0.3488372093023256,7,4,1,0.25,1.4285714285714286,0.0,0.0,0,43,8,flat_memory,hypergraph
exact_memory,no_regularities,standard,0,38,38,1,38,0.3157894736842105,0.3157894736842105,0.3157894736842105,12,10,10,1.0,1.3157894736842106,0.0,0.0,0,38,0,flat_memory,hypergraph
exact_memory,no_regularities,equal_abstraction_budget,0,38,35,1,35,3.8684210526315788,0.3157894736842105,0.3157894736842105,12,9,9,1.0,1.4285714285714286,0.0,0.0,0,38,3,flat_memory,hypergraph
exact_memory,no_regularities,remove_composition,0,38,38,1,38,0.3157894736842105,0.3157894736842105,0.3157894736842105,12,10,10,1.0,1.3157894736842106,0.0,0.0,0,38,0,flat_memory,hypergraph
exact_memory,no_regularities,remove_hierarchy,0,38,38,1,38,0.3157894736842105,0.3157894736842105,0.3157894736842105,12,10,10,1.0,1.3157894736842106,0.0,0.0,0,38,0,flat_memory,hypergraph
exact_memory,hierarchical,standard,0,33,33,1,33,0.5151515151515151,0.5151515151515151,0.5151515151515151,17,9,9,1.0,1.5151515151515151,0.0,0.0,0,33,0,flat_memory,hypergraph
exact_memory,hierarchical,equal_abstraction_budget,0,33,33,1,33,0.5151515151515151,0.5151515151515151,0.5151515151515151,17,9,9,1.0,1.5151515151515151,0.0,0.0,0,33,0,flat_memory,hypergraph
exact_memory,hierarchical,remove_composition,0,33,33,1,33,0.5151515151515151,0.5151515151515151,0.5151515151515151,17,9,9,1.0,1.5151515151515151,0.0,0.0,0,33,0,flat_memory,hypergraph
exact_memory,hierarchical,remove_hierarchy,0,33,33,1,33,0.5151515151515151,0.5151515151515151,0.5151515151515151,17,9,9,1.0,1.5151515151515151,0.0,0.0,0,33,0,flat_memory,hypergraph
exact_memory,compositional,standard,0,33,33,1,33,0.5151515151515151,0.5151515151515151,0.5151515151515151,17,7,7,1.0,1.5151515151515151,0.0,0.0,0,33,0,flat_memory,hypergraph
exact_memory,compositional,equal_abstraction_budget,0,33,33,1,33,0.5151515151515151,0.5151515151515151,0.5151515151515151,17,7,7,1.0,1.5151515151515151,0.0,0.0,0,33,0,flat_memory,hypergraph
exact_memory,compositional,remove_composition,0,33,33,1,33,0.5151515151515151,0.5151515151515151,0.5151515151515151,17,7,7,1.0,1.5151515151515151,0.0,0.0,0,33,0,flat_memory,hypergraph
exact_memory,compositional,remove_hierarchy,0,33,33,1,33,0.5151515151515151,0.5151515151515151,0.5151515151515151,17,7,7,1.0,1.5151515151515151,0.0,0.0,0,33,0,flat_memory,hypergraph
exact_memory,partial,standard,0,48,35,1,35,3.0,0.20833333333333334,0.4791666666666667,10,6,2,0.3333333333333333,1.4285714285714286,0.0,0.0,0,48,13,flat_memory,hypergraph
exact_memory,partial,equal_abstraction_budget,0,48,35,1,35,3.0,0.20833333333333334,0.4791666666666667,10,6,2,0.3333333333333333,1.4285714285714286,0.0,0.0,0,48,13,flat_memory,hypergraph
exact_memory,partial,remove_composition,0,48,35,1,35,3.0,0.20833333333333334,0.4791666666666667,10,6,2,0.3333333333333333,1.4285714285714286,0.0,0.0,0,48,13,flat_memory,hypergraph
exact_memory,partial,remove_hierarchy,0,48,35,1,35,3.0,0.20833333333333334,0.4791666666666667,10,6,2,0.3333333333333333,1.4285714285714286,0.0,0.0,0,48,13,flat_memory,hypergraph
exact_memory,anti_compositional,standard,0,41,41,1,41,0.21951219512195122,0.21951219512195122,0.21951219512195122,9,7,7,1.0,1.2195121951219512,0.0,0.0,0,41,0,flat_memory,hypergraph
exact_memory,anti_compositional,equal_abstraction_budget,0,42,35,1,35,6.9523809523809526,0.19047619047619047,0.19047619047619047,8,7,7,1.0,1.4285714285714286,0.0,0.0,0,42,7,flat_memory,hypergraph
exact_memory,anti_compositional,remove_composition,0,41,41,1,41,0.21951219512195122,0.21951219512195122,0.21951219512195122,9,7,7,1.0,1.2195121951219512,0.0,0.0,0,41,0,flat_memory,hypergraph
exact_memory,anti_compositional,remove_hierarchy,0,41,41,1,41,0.21951219512195122,0.21951219512195122,0.21951219512195122,9,7,7,1.0,1.2195121951219512,0.0,0.0,0,41,0,flat_memory,hypergraph
